year,deltaC
2013,0.73612775
2014,0.75645258
2015,0.75391508
2016,0.78697591
2017,0.80318991
2018,0.81073366
2019,0.83409841
2020,0.85322116